title,description,url
Introduction to the Food Poverty Hackathon,Introduction to the Food Poverty Hackathon,https://www.youtube.com/embed/HFjN-7Y575I
Deploying A ReactExpress MySQL Website Tutorial,In this video I will teach you guys how to Deploy and Host a Fullstack ReactJS NodeJS Express MySQL website in Heroku and Netlify. We will also be using cleardb as the database.,https://www.youtube.com/embed/lwOsI8LtVEQ
Express JS Crash Course,In this crash course we will dive into the Express JS framework for Node.js. I recommend first watching my Node.js crash course.,https://www.youtube.com/embed/L72fhGm1tfE
JavaScript Crash Course For Beginners,In this crash course we will go over the fundamentals of JavaScript,https://www.youtube.com/embed/hdI2bqOjy3c
JavaScript DOM Crash Course - Part 1,This crash course focuses on the DOM WITHOUT JQUERY.,https://www.youtube.com/embed/0ik6X4DJKCc
The 10 Most Important Concepts For Coding Interviews (algorithms and data structures),10 most important concepts algorithms and data structures to know for coding interviews.,https://www.youtube.com/embed/Ge0Udbws1kc
Search Filter React Tutorial - Search Bar in React,how to make a Search Bar with a Search Filter in React.,https://www.youtube.com/embed/mZvKPtH9Fzo
Learn useEffect In 13 Minutes,everything you need to know about the useEffect hook,https://www.youtube.com/embed/0ZJgIjIuY7U
Arrow functions in JavaScript: A beginner-friendly tutorial,JavaScript arrow functions allow you to write regular functions with less syntax.,https://www.youtube.com/embed/HFjN-7Y575I
CRUD Tutorial - ReactJS NodeJS MySQL [Part 1],how to make a simple CRUD application,https://www.youtube.com/embed/T8mqZZ0r-RA
REST API concepts and examples,This video introduces the viewer to some API concepts ,https://www.youtube.com/embed/7YcW25PHnAA
How to Learn to Code - 8 Hard Truths,Learning to code can open many doors in life,https://www.youtube.com/embed/NtfbWkxJTHw
VS Code in 100 Seconds,Visual Studio Code is an open-source lightweight code editor maintained by Microsoft,https://www.youtube.com/embed/KMxo3T_MTvY
JavaScript in 100 Seconds,JavaScript is the the programming language that built the web,https://www.youtube.com/embed/DHjqpvDnNGE
7 Database Paradigms,Learn about seven different database paradigms and what they do best,https://www.youtube.com/embed/W2Z7fbCLSTw